problem,init,optimizer,trial,evaluations,budget,budget_hit,wall_time_s,E_start_exact,E_logged_first,E_logged_best,eval_of_logged_best,ground_state,E_exact,P_opt_raw_exact,P_opt_fb_exact,mean_cost_raw_exact,mean_cost_fb_exact,P_ground_state,gap_closed,opt_ratio_raw,best_cost_raw,opt_ratio_fb,best_cost_fb
P1,random,ADAM,1,1000,1000,True,31.3,5.091390682727136,5.085107108021013,3.6293343817289845,11,1.031008131515815,3.6670386751995983,0.07069248365690196,0.3533414509902789,74.20388961791879,24.69987823514578,0.004502110857269793,0.35079256438598755,0.06953125,15.0,0.3529296875,15.0
P1,random,ADAM,2,1000,1000,True,35.97,5.091390682727136,5.1095606375305955,3.6123464142945947,11,1.031008131515815,3.6615485197999122,0.07068787154746038,0.3527504382136507,74.21603168422716,24.70874342679523,0.004381795094583654,0.3521446920070779,0.07177734375,15.0,0.35712890625,15.0
P1,random,ADAM,3,1000,1000,True,35.76,5.091390682727136,5.028638119258776,3.6688448195043035,11,1.031008131515815,3.6614479655902166,0.07064569082525633,0.35282503020118894,74.23573324113615,24.70762454698211,0.004393116040357752,0.35216945672035976,0.066015625,15.0,0.347265625,15.0
P1,random,ADAM,4,1000,1000,True,29.85,5.091390682727136,5.125724861127493,3.6652648794623106,9,1.031008131515815,3.683636140423272,0.06133589606911544,0.34726010707472477,76.51042809459464,24.791098393879032,0.003315670061890819,0.34670490392189596,0.06171875,15.0,0.35205078125,15.0
P1,random,ADAM,5,1000,1000,True,29.32,5.091390682727136,5.129587209201056,3.659185778851895,8,1.031008131515815,3.6477534121695907,0.06571463404338349,0.31316479607884184,74.263160544316,25.30252805881735,0.0007650648075317978,0.3555421816416952,0.06171875,15.0,0.31083984375,15.0
P1,random,AQGD,1,999,1000,True,137.51,5.091390682727136,5.085107108021013,3.479272830374205,44,1.031008131515815,3.494717062291196,0.1044878454143209,0.35978620553417917,86.66685272483866,24.603206916987205,0.000409594980164773,0.393232312546415,0.105078125,15.0,0.3537109375,15.0
P1,random,AQGD,2,999,1000,True,136.02,5.091390682727136,5.1095606375305955,3.4482855177531544,26,1.031008131515815,3.5086351015424246,0.09690902493803862,0.35128240250024767,86.25200880773893,24.730763962496205,0.0012466123162969281,0.3898045470401632,0.0947265625,15.0,0.35322265625,15.0
P1,random,AQGD,3,999,1000,True,134.29,5.091390682727136,5.028638119258776,3.4422130253801035,44,1.031008131515815,3.4934508167807232,0.10488619787685248,0.3601619585204463,86.67339594125723,24.597570622193228,0.00038560241605180794,0.3935441662928298,0.10458984375,15.0,0.35478515625,15.0
P1,random,AQGD,4,999,1000,True,136.45,5.091390682727136,5.125724861127493,3.4784344189598393,35,1.031008131515815,3.4936800308431795,0.1004390928318988,0.3556412481158257,86.50700795006188,24.66538127826255,0.0007806371190824858,0.3934877149462965,0.10048828125,15.0,0.36123046875,15.0
P1,random,AQGD,5,999,1000,True,118.95,5.091390682727136,5.129587209201056,3.4849699565402235,35,1.031008131515815,3.4908238461124177,0.1008969643241162,0.3561994294786903,86.53353248574889,24.65700855781961,0.0007363624402709415,0.3941911424422869,0.09755859375,15.0,0.34794921875,15.0
P1,random,BOBYQA,1,1000,1000,False,38.82,5.091390682727136,5.085107108021013,2.6271357922875644,877,1.031008131515815,2.665412232618186,0.13344845051113263,0.47583300125349975,82.32731401646116,22.862504981197468,0.0505637305849981,0.5974753411806519,0.1359375,15.0,0.476953125,15.0
P1,random,BOBYQA,2,1000,1000,False,44.24,5.091390682727136,5.1095606375305955,3.430893558845439,379,1.031008131515815,3.473099006377849,0.08265647772825077,0.33041844783654395,74.16004977592017,25.043723282451868,0.0004455644926326477,0.3985564551957074,0.0810546875,15.0,0.3275390625,15.0
P1,random,BOBYQA,3,1000,1000,False,35.93,5.091390682727136,5.028638119258776,3.417926362194015,758,1.031008131515815,3.4693380080195797,0.08700464516983589,0.3345059604468765,74.36452354759723,24.98241059329689,0.00026064576164190937,0.39948272219415737,0.08603515625,15.0,0.3357421875,15.0
P1,random,BOBYQA,4,1000,1000,False,32.92,5.091390682727136,5.125724861127493,2.6273214040855803,999,1.031008131515815,2.6607914887404487,0.13347274814971913,0.47566779394430314,82.03745202071838,22.86498309083547,0.050806018320558664,0.5986133482081816,0.1359375,15.0,0.4904296875,15.0
P1,random,BOBYQA,5,1000,1000,False,32.84,5.091390682727136,5.129587209201056,3.422859636194605,417,1.031008131515815,3.4693659430608434,0.08666903843459632,0.3331928194970213,74.35351907880354,25.002107707544702,0.00023330072694520749,0.399475842290377,0.087109375,15.0,0.33193359375,15.0
P1,random,COBYLA,1,125,1000,False,5.95,5.091390682727136,5.085107108021013,2.6356479904496326,85,1.031008131515815,2.6898489880419016,0.1216754112692458,0.4612680515707587,83.1513487494985,23.080979226438565,0.05792803847178952,0.5914570029783992,0.1177734375,15.0,0.46298828125,15.0
P1,random,COBYLA,2,121,1000,False,4.82,5.091390682727136,5.1095606375305955,3.545079231726086,118,1.031008131515815,3.5939377183729873,0.21050084277494313,0.485626489546936,69.2642445102998,22.71560265679593,0.04922523969311538,0.36879602979956116,0.21279296875,15.0,0.489453125,15.0
P1,random,COBYLA,3,117,1000,False,4.27,5.091390682727136,5.028638119258776,2.671957399333307,112,1.031008131515815,2.7126123381778653,0.12130779542638924,0.43477011637014296,82.54783722229878,23.478448254447883,0.06575192814483664,0.5858507947335202,0.12392578125,15.0,0.44150390625,15.0
P1,random,COBYLA,4,109,1000,False,3.95,5.091390682727136,5.125724861127493,3.4088826483183703,57,1.031008131515815,3.4671568167263844,0.20869121680163827,0.4776096782063727,67.16039306781522,22.83585482690437,0.052825918023470524,0.4000199108126398,0.20673828125,15.0,0.47900390625,15.0
P1,random,COBYLA,5,113,1000,False,3.66,5.091390682727136,5.129587209201056,3.4034978643475213,88,1.031008131515815,3.450759446099274,0.20177662311913067,0.46873194264454726,66.90352956288115,22.96902086033173,0.0514131532832599,0.4040582915366971,0.2,15.0,0.4697265625,15.0
P1,random,L_BFGS_B,1,65,1000,False,3.11,5.091390682727136,5.085107108021013,3.7513849301274496,26,1.031008131515815,3.8034994749439632,0.0845521839845176,0.36429001182480414,72.27245547781172,24.535649822627924,0.00599003398459439,0.3171846966485855,0.08369140625,15.0,0.36640625,15.0
P1,random,L_BFGS_B,2,115,1000,False,5.0,5.091390682727136,5.1095606375305955,3.7025624842284177,101,1.031008131515815,3.7531526682261793,0.08398135268916018,0.361779054946444,72.54286026355754,24.573314175803326,0.0050519670311834335,0.3295842196203223,0.0828125,15.0,0.36611328125,15.0
P1,random,L_BFGS_B,3,70,1000,False,2.6,5.091390682727136,5.028638119258776,3.735092501287422,25,1.031008131515815,3.83145407798452,0.08462295221242344,0.3621854492380161,71.75815720701397,24.567218261429804,0.00593220756225563,0.31029997515055396,0.0865234375,15.0,0.3626953125,15.0
P1,random,L_BFGS_B,4,65,1000,False,2.3,5.091390682727136,5.125724861127493,3.7153160822357703,41,1.031008131515815,3.7597987675913602,0.08390113523422434,0.36126969913561036,72.58410305586222,24.580954512965814,0.004893765933747113,0.3279474035614024,0.090234375,15.0,0.36171875,15.0
P1,random,L_BFGS_B,5,55,1000,False,2.06,5.091390682727136,5.129587209201056,3.773759282278113,12,1.031008131515815,3.8097921845328484,0.08639711731321523,0.3613340758808442,72.27313285324344,24.579988861787303,0.005275217144406515,0.3156349142057938,0.0828125,15.0,0.35654296875,15.0
P1,random,NELDER_MEAD,1,1000,1000,False,36.62,5.091390682727136,5.085107108021013,3.5732479274617193,185,1.031008131515815,3.638096130356294,0.07106430386075255,0.34562912627806647,73.85731955591528,24.815563105829035,0.0038170421281293683,0.35792059837743245,0.07138671875,15.0,0.34658203125,15.0
P1,random,NELDER_MEAD,2,1000,1000,False,35.82,5.091390682727136,5.1095606375305955,3.5235485914795843,112,1.031008131515815,3.587076926211936,0.07129715579552126,0.33706036352559243,74.0089882612603,24.944094547116123,0.002409745197892969,0.37048572087534526,0.06865234375,15.0,0.3357421875,15.0
P1,random,NELDER_MEAD,3,1000,1000,False,30.59,5.091390682727136,5.028638119258776,3.509640186290524,327,1.031008131515815,3.5906996269809954,0.06868814571963862,0.33128333736757665,74.1409122996897,25.030749939486324,0.0022370565000426083,0.3695935141132069,0.06689453125,15.0,0.33359375,15.0
P1,random,NELDER_MEAD,4,1000,1000,False,41.46,5.091390682727136,5.125724861127493,3.5132219589673395,673,1.031008131515815,3.590233041117764,0.0694353533858926,0.33340569113810953,74.1059987552817,24.998914632928354,0.0023898498526916203,0.36970842591211917,0.06787109375,15.0,0.334765625,15.0
P1,random,NELDER_MEAD,5,1000,1000,False,30.13,5.091390682727136,5.129587209201056,3.5248602657500823,536,1.031008131515815,3.5927719907358355,0.06800512950465687,0.3295162371168059,74.00077286265757,25.0572564432479,0.0024116608396495287,0.3690831277816969,0.0689453125,15.0,0.327734375,15.0
P1,random,NFT,1,1000,1000,True,34.41,5.091390682727136,5.085107108021013,2.910648160076672,36,1.031008131515815,2.9486201484490637,0.15569129290826728,0.441082788704206,91.81666900161737,23.383758169436923,0.07174687186058443,0.5277262689543443,0.1609375,15.0,0.4458984375,15.0
P1,random,NFT,2,1000,1000,True,35.44,5.091390682727136,5.1095606375305955,2.787968989445459,372,1.031008131515815,2.788928264831415,0.2102807642015186,0.5107628042983227,66.05297794510503,22.338557935525195,0.12413420155131594,0.5670555394365082,0.21787109375,15.0,0.5232421875,15.0
P1,random,NFT,3,1000,1000,True,35.49,5.091390682727136,5.028638119258776,2.8733505883120714,789,1.031008131515815,2.8406841684461184,0.14465168346976268,0.3999188385225023,84.69405587204871,24.00121742216245,0.05741855168996091,0.5543089809627842,0.1392578125,15.0,0.387890625,15.0
P1,random,NFT,4,1000,1000,True,30.04,5.091390682727136,5.125724861127493,3.0360251361646475,37,1.031008131515815,3.046302090884698,0.15007896019513212,0.45775316440590674,91.89303906098134,23.133702533911382,0.05073004153933221,0.503668944009311,0.14873046875,15.0,0.4525390625,15.0
P1,random,NFT,5,1000,1000,True,29.17,5.091390682727136,5.129587209201056,2.8034797400124085,884,1.031008131515815,2.7857971608199223,0.2701975711165135,0.4647714463861757,57.08145331988316,23.028428304207324,0.1484906641552164,0.5678266746613304,0.271484375,15.0,0.46650390625,15.0
P1,random,POWELL,1,303,1000,False,11.15,5.091390682727136,5.085107108021013,2.1532905312578956,207,1.031008131515815,2.171862734264913,0.19045185406157839,0.5153929567232096,77.78906909662383,22.269105649151875,0.09068450764074908,0.7190278038189406,0.18388671875,15.0,0.50478515625,15.0
P1,random,POWELL,2,296,1000,False,11.3,5.091390682727136,5.1095606375305955,2.37283520383014,187,1.031008131515815,2.40556721076719,0.1688703363367548,0.4850704277502047,78.42962226384141,22.723943583747047,0.06886776587992846,0.66147054817746,0.17109375,15.0,0.4857421875,15.0
P1,random,POWELL,3,385,1000,False,14.1,5.091390682727136,5.028638119258776,2.155173553500476,368,1.031008131515815,2.166870996788343,0.1932074015083794,0.5163334728337217,77.52838352647048,22.254997907494168,0.09315809305064067,0.7202571799709686,0.19609375,15.0,0.52041015625,15.0
P1,random,POWELL,4,261,1000,False,8.85,5.091390682727136,5.125724861127493,2.3780673211569487,240,1.031008131515815,2.4057189961542362,0.16968843773541575,0.4850663256942175,78.0473546230343,22.724005114586856,0.06799243278350038,0.6614331661364499,0.17138671875,15.0,0.4859375,15.0
P1,random,POWELL,5,464,1000,False,15.26,5.091390682727136,5.129587209201056,2.188575250006819,349,1.031008131515815,2.2151716931884913,0.17928805016852223,0.4916998948989666,79.81405841397277,22.6245015765155,0.07450541378208579,0.7083615775761305,0.17978515625,15.0,0.4951171875,15.0
P1,random,SLSQP,1,91,1000,False,3.58,5.091390682727136,5.085107108021013,2.5120083597443172,80,1.031008131515815,2.8341103376075454,0.1468215761676694,0.44521791426662705,77.12432068199521,23.321731286000613,0.06610933478625393,0.555927998569047,0.14990234375,15.0,0.44794921875,15.0
P1,random,SLSQP,2,127,1000,False,5.79,5.091390682727136,5.1095606375305955,3.654168754168301,29,1.031008131515815,4.045760734847688,0.09570505597314702,0.35980601454655126,70.45297315526949,24.602909781801706,0.00702488778875013,0.25752005745554896,0.09697265625,15.0,0.37587890625,15.0
P1,random,SLSQP,3,75,1000,False,3.05,5.091390682727136,5.028638119258776,3.1060220251774853,54,1.031008131515815,3.3675743828238636,0.14714719998478426,0.42690323825783405,73.56962357651435,23.596451426132532,0.04523690771851254,0.42454529300176697,0.144921875,15.0,0.41845703125,15.0
P1,random,SLSQP,4,77,1000,False,2.68,5.091390682727136,5.125724861127493,2.4725381377881335,62,1.031008131515815,2.491272583510522,0.16532674762935107,0.4773304170425706,78.27276698905979,22.84004374436146,0.07114605366651318,0.6403628393193959,0.17119140625,15.0,0.4787109375,15.0
P1,random,SLSQP,5,84,1000,False,4.01,5.091390682727136,5.129587209201056,2.4186946022018043,69,1.031008131515815,2.436318069142808,0.15377366849703364,0.45286683629487146,80.85222743495541,23.206997455576893,0.05100119799993821,0.6538971587276299,0.15849609375,15.0,0.45771484375,15.0
P1,random,SPSA,1,1000,1000,True,38.35,5.091390682727136,5.076594753796895,2.7311820645455205,53,1.031008131515815,2.75040032622067,0.15340294474687086,0.44014204707601845,78.96508341803545,23.397869293859614,0.046463144793566134,0.5765442854166748,0.15224609375,15.0,0.43525390625,15.0
P1,random,SPSA,2,1000,1000,True,37.45,5.091390682727136,5.038857938987553,3.239681057648958,305,1.031008131515815,3.265015808883466,0.22134787666713374,0.4827904980237987,69.48043927629072,22.758142529643056,0.14361876250156755,0.4498036455453719,0.22626953125,15.0,0.48662109375,15.0
P1,random,SPSA,3,1000,1000,True,39.23,5.091390682727136,7.994229763473618,2.2795911151624004,981,1.031008131515815,2.2827729446602465,0.18352182670989137,0.5038012116957498,78.28774576443887,22.442981824563752,0.0829671792425912,0.6917125917677396,0.1814453125,15.0,0.49365234375,15.0
P1,random,SPSA,4,1000,1000,True,42.93,5.091390682727136,7.537242947858299,3.157750151836498,381,1.031008131515815,3.1215242397889877,0.07847388517804263,0.3791450183657231,75.82327575204734,24.31282472451411,0.051411175039404164,0.48514306671682556,0.076953125,15.0,0.37451171875,15.0
P1,random,SPSA,5,1000,1000,True,29.17,5.091390682727136,7.507860590555764,3.0206805733964908,169,1.031008131515815,3.0270280274100534,0.15497756004173358,0.41932710570625037,71.64834592308597,23.71009341440621,0.0026803066937777452,0.5084158030137401,0.15380859375,15.0,0.41337890625,15.0
P1,spiq,ADAM,1,2500,2500,True,257.01,1.560813594902637,1.562262281716584,1.3658784004991376,2470,1.031008131515815,1.384024284526812,0.7355152293365722,0.7551554146436135,21.085522128231176,18.672668780345838,0.7220487507012227,0.3336872165222415,0.73671875,15.0,0.75625,15.0
P1,spiq,ADAM,2,2500,2500,True,252.42,1.560813594902637,1.5568814449790616,1.4094727729679417,2494,1.031008131515815,1.4203912654388375,0.6757407518164393,0.6835837204013369,21.30122109524278,19.74624419397995,0.6499147931108362,0.26504507629298296,0.67822265625,15.0,0.68583984375,15.0
P1,spiq,ADAM,3,2500,2500,True,256.46,1.560813594902637,1.5649527000853454,1.2655972990447997,2187,1.031008131515815,1.2785201718308592,0.8307624750186776,0.8600719756660693,21.5483889767289,17.098920365009,0.8262568273615742,0.5328246735456359,0.84208984375,15.0,0.866796875,15.0
P1,spiq,AQGD,1,2500,2500,True,835.97,1.560813594902637,1.562262281716584,1.5532597279441909,1135,1.031008131515815,1.5608164694572944,0.4999999411313064,0.5000001190034676,22.500030491466504,22.499998214948015,0.49999993852012925,-5.42567952969254e-06,0.50625,15.0,0.50625,15.0
P1,spiq,AQGD,2,2500,2500,True,234.63,1.560813594902637,1.5568814449790616,1.5525353845372167,892,1.031008131515815,1.5608265888397692,0.49999872759816716,0.49999890375752276,22.500049829820963,22.50001644363718,0.49999871872221074,-2.4525864737620167e-05,0.50068359375,15.0,0.50068359375,15.0
P1,spiq,AQGD,3,2349,2500,False,213.36,1.560813594902637,1.5649527000853454,1.549224100391049,1945,1.031008131515815,1.5608187197472407,0.4999993260482861,0.49999967262454104,22.50006331536092,22.500004910631926,0.49999914180959565,-9.673068622278535e-06,0.50224609375,15.0,0.50224609375,15.0
P1,spiq,BOBYQA,1,2500,2500,False,880.07,1.560813594902637,1.562262281716584,1.5537771160920295,84,1.031008131515815,1.5608135949026374,0.5000000000000003,0.5000000000000003,22.50000000000002,22.50000000000002,0.5000000000000003,-8.382118353615843e-16,0.49560546875,15.0,0.49560546875,15.0
P1,spiq,BOBYQA,2,2500,2500,False,874.91,1.560813594902637,1.5568814449790616,1.548913667502346,84,1.031008131515815,1.5608135949026367,0.5000000000000002,0.5000000000000002,22.500000000000014,22.500000000000014,0.5000000000000002,4.1910591768079214e-16,0.4955078125,15.0,0.4955078125,15.0
P1,spiq,BOBYQA,3,2500,2500,False,845.72,1.560813594902637,1.5649527000853454,1.5240370103289385,2097,1.031008131515815,1.540479539213971,0.5441771085108547,0.5470678595005343,22.218159113896718,21.793982107492038,0.5376623428764746,0.03838023028052404,0.54111328125,15.0,0.54345703125,15.0
P1,spiq,COBYLA,1,789,2500,False,76.4,1.560813594902637,1.562262281716584,1.554295600249446,731,1.031008131515815,1.5740021062145695,0.49838726091333213,0.49896906561773735,22.645708805639153,22.515464015733972,0.49835543645641567,-0.02489312063266389,0.494921875,15.0,0.49619140625,15.0
P1,spiq,COBYLA,2,774,2500,False,74.55,1.560813594902637,1.5568814449790616,1.548156392679504,561,1.031008131515815,1.5645652716716285,0.49902938153212323,0.4999424454195518,22.662443534205025,22.50086331870677,0.4989446930276954,-0.0070812345818570726,0.49931640625,15.0,0.49990234375,15.0
P1,spiq,COBYLA,3,765,2500,False,69.91,1.560813594902637,1.5649527000853454,1.5534709739277344,299,1.031008131515815,1.5698066041720677,0.49224514479332315,0.499993209142357,23.933539335915434,22.500101862864692,0.4922412183121238,-0.016974172391394964,0.49736328125,15.0,0.50458984375,15.0
P1,spiq,L_BFGS_B,1,287,2500,False,26.34,1.560813594902637,1.562262281716584,1.5487438961343987,194,1.031008131515815,1.5638446154792836,0.4985935939716023,0.49986013430771004,22.737919988086258,22.502097985384403,0.49857528873611295,-0.005721006645100607,0.49228515625,15.0,0.49306640625,15.0
P1,spiq,L_BFGS_B,2,492,2500,False,44.15,1.560813594902637,1.5568814449790616,1.549980551222495,180,1.031008131515815,1.5650159927549923,0.4987136599811658,0.4999937808408215,22.73376188682003,22.50009328738774,0.49871300577371147,-0.007931963980686746,0.4966796875,15.0,0.4978515625,15.0
P1,spiq,L_BFGS_B,3,410,2500,False,37.79,1.560813594902637,1.5649527000853454,1.5495910711483034,299,1.031008131515815,1.5678243976733663,0.49844726980688325,0.4998794487068303,22.764634543221568,22.501808269397586,0.49843969232540214,-0.013232786853333515,0.50810546875,15.0,0.5095703125,15.0
P1,spiq,NELDER_MEAD,1,2500,2500,False,248.46,1.560813594902637,1.562262281716584,1.54376777588064,1412,1.031008131515815,1.5632798955071932,0.49968606293909873,0.49971892505501186,22.510473504981256,22.504216124174867,0.49968437907094254,-0.00465510602474765,0.49521484375,15.0,0.49521484375,15.0
P1,spiq,NELDER_MEAD,2,2500,2500,False,232.7,1.560813594902637,1.5568814449790616,1.5453990141291185,2050,1.031008131515815,1.5619715547254265,0.4997297380112192,0.4999860331299903,22.547625007297523,22.500209503050158,0.49967765390523117,-0.0021856320910456422,0.4953125,15.0,0.495703125,15.0
P1,spiq,NELDER_MEAD,3,2500,2500,False,221.81,1.560813594902637,1.5649527000853454,1.5438257995148235,901,1.031008131515815,1.5612038452797914,0.49978039445314654,0.49997368070158454,22.53614182651085,22.500394789476257,0.499777602211791,-0.0007365918325185812,0.496875,15.0,0.49697265625,15.0
P1,spiq,NFT,1,2500,2500,True,237.69,1.560813594902637,1.562262281716584,1.5479951066705877,1041,1.031008131515815,1.5618478034852366,0.4995963895566938,0.4999123068134215,22.559228627217337,22.50131539779873,0.49945259851970597,-0.0019520534499368103,0.5052734375,15.0,0.50546875,15.0
P1,spiq,NFT,2,2500,2500,True,234.54,1.560813594902637,1.5568814449790616,1.5498802486542314,131,1.031008131515815,1.561603956563324,0.4998496519227617,0.49995766060046803,22.520720775078573,22.500635090993015,0.499801128587049,-0.0014917959804237862,0.50078125,15.0,0.50087890625,15.0
P1,spiq,NFT,3,2500,2500,True,235.18,1.560813594902637,1.5649527000853454,1.5527070816682838,2146,1.031008131515815,1.5618252052865729,0.5000302139196426,0.5001271629996558,22.52510954209677,22.498092555005215,0.49995181864749383,-0.0019093996831764212,0.5005859375,15.0,0.50068359375,15.0
P1,spiq,POWELL,1,783,2500,False,71.75,1.560813594902637,1.562262281716584,1.5482928017249393,2,1.031008131515815,1.560813594902637,0.5000000000000006,0.5000000000000006,22.500000000000014,22.500000000000014,0.5000000000000006,0.0,0.51201171875,15.0,0.51201171875,15.0
P1,spiq,POWELL,2,740,2500,False,69.09,1.560813594902637,1.5568814449790616,1.5473709583324982,113,1.031008131515815,1.5619320843983622,0.49997539995301,0.49999800442103026,22.504211760268305,22.500029933684566,0.4997062713318875,-0.0021111324307137368,0.49453125,15.0,0.49453125,15.0
P1,spiq,POWELL,3,685,2500,False,59.47,1.560813594902637,1.5649527000853454,1.5481242935336366,299,1.031008131515815,1.5675990967367466,0.49801282909993905,0.4998162433139667,23.19196262341189,22.50275635029054,0.4979276633757546,-0.012807534657594512,0.50087890625,15.0,0.5021484375,15.0
P1,spiq,SLSQP,1,147,2500,False,14.24,1.560813594902637,1.562262281716584,1.5487722334575285,45,1.031008131515815,1.5613278408058762,0.49994555195470963,0.4999562838578274,22.50318697886489,22.50065574213265,0.4999399863716563,-0.0009706315596518649,0.50625,15.0,0.50634765625,15.0
P1,spiq,SLSQP,2,52,2500,False,5.43,1.560813594902637,1.5568814449790616,1.5531971691766446,13,1.031008131515815,1.5648725575833522,0.4987510413195068,0.5000000000000003,22.731057355891334,22.50000000000003,0.4987510413195068,-0.007661232209211344,0.505078125,15.0,0.50634765625,15.0
P1,spiq,SLSQP,3,96,2500,False,8.93,1.560813594902637,1.5649527000853454,1.5534522433157607,30,1.031008131515815,1.5621949650624125,0.49875104131950665,0.5000000000000002,22.731057355891327,22.500000000000014,0.49875104131950665,-0.002607315807853434,0.49482421875,15.0,0.4958984375,15.0
P1,spiq,SPSA,1,2500,2500,True,263.13,1.560813594902637,2.4025087215468477,1.0768270050221658,2106,1.031008131515815,1.0823372511337013,0.9741231354155993,0.9863238649787278,17.18657375704397,15.205142025319141,0.9475923761301672,0.9031170435847133,0.9740234375,15.0,0.98662109375,15.0
P1,spiq,SPSA,2,2500,2500,True,261.34,1.560813594902637,2.358782221579812,1.1708582593915373,2354,1.031008131515815,1.1652551626150105,0.9644413696776444,0.9791414647839698,19.042856685880384,15.312878028240489,0.862271724654423,0.7466107083135552,0.963671875,15.0,0.97939453125,15.0
P1,spiq,SPSA,3,2500,2500,True,254.66,1.560813594902637,2.303079096031163,1.196746951237201,2431,1.031008131515815,1.1998987139195938,0.4904428750622342,0.4989487036776775,23.598247347042864,22.51576944483489,0.48556529117423963,0.6812215160558504,0.49169921875,15.0,0.49892578125,15.0
P2,random,ADAM,1,1000,1000,True,2901.37,24.84199255953027,24.75741359467301,20.595338292274533,35,4.7663812992543555,20.6282102810882,0.020829881413036988,0.09653403271262516,865.5386967672673,718.8075991067069,8.110038296209242e-05,0.20989559041621703,0.02138671875,315.0,0.09541015625,315.0
P2,random,ADAM,2,1000,1000,True,2904.4,24.84199255953027,24.9303947293764,16.693583839528134,366,4.7663812992543555,16.76797047878907,0.036059164741118165,0.12639476440352704,848.7043338113652,692.9440018956856,0.0013806974092048507,0.4021806348042541,0.03623046875,315.0,0.13193359375,315.0
P2,random,ADAM,3,1000,1000,True,2879.32,24.84199255953027,25.016756166150977,20.553241498494724,40,4.7663812992543555,20.628149612806542,0.02117355999596882,0.0988353527683129,863.7420302897629,716.3807914829214,6.236991205807303e-05,0.20989861240547913,0.0224609375,315.0,0.09970703125,315.0
P2,random,ADAM,4,1000,1000,True,2973.52,24.84199255953027,24.796909410681145,16.830450362130424,478,4.7663812992543555,16.814533520025854,0.03477030004302926,0.1238283301297839,850.4834656690539,695.1398799411065,0.0019110275603429747,0.39986125131783845,0.03544921875,315.0,0.12568359375,315.0
P2,random,ADAM,5,1000,1000,True,2859.45,24.84199255953027,24.879106190538852,16.707054489644246,237,4.7663812992543555,16.654652220357633,0.036651392848448455,0.1266153696278902,848.9052529727805,694.1798957446086,0.001402161639192733,0.4078252080609431,0.03701171875,315.0,0.12880859375,315.0
P2,random,AQGD,1,999,1000,True,8892.06,24.84199255953027,24.75741359467301,20.224888025493865,31,4.7663812992543555,20.315724636882468,0.02605868879295448,0.10424348425113356,860.6824587356004,708.9993516846955,0.00016676150786267414,0.22546102651449693,0.0255859375,315.0,0.10302734375,315.0
P2,random,AQGD,2,999,1000,True,2887.6,24.84199255953027,24.9303947293764,20.18773138890022,103,4.7663812992543555,20.39765682565632,0.026927008600191253,0.10742650409321937,861.3584965558055,702.0604410400713,0.0008632620024519351,0.22137984623502155,0.024609375,315.0,0.10859375,315.0
P2,random,AQGD,3,999,1000,True,2887.32,24.84199255953027,25.016756166150977,20.194674803647498,4,4.7663812992543555,20.3084403079487,0.025550880297340615,0.10347676840240425,861.082660531986,708.9391637099569,0.00015219920959422744,0.22582387120397251,0.025390625,315.0,0.10732421875,315.0
P2,random,AQGD,4,999,1000,True,2883.21,24.84199255953027,24.796909410681145,20.187810302210035,94,4.7663812992543555,20.370839166366924,0.02742477924814173,0.10787584448180124,860.8940204791973,702.816897366537,0.0007704282967680044,0.22271567899954917,0.02548828125,315.0,0.112890625,315.0
P2,random,AQGD,5,999,1000,True,2921.26,24.84199255953027,24.879106190538852,20.151820117462346,67,4.7663812992543555,20.334768681234152,0.02767846786743735,0.10708221871981197,859.779261733003,706.2839346734457,0.00034302661322693735,0.22451241059915655,0.0244140625,315.0,0.1025390625,315.0
P2,random,BOBYQA,1,1000,1000,False,3047.06,24.84199255953027,24.75741359467301,18.93336779467587,181,4.7663812992543555,19.075736313355716,0.015506839280847494,0.07130346364098203,885.6877645375855,720.3805247348629,4.3615101214738896e-05,0.2872269327900556,0.01552734375,315.0,0.0681640625,315.0
P2,random,BOBYQA,2,1000,1000,False,2846.35,24.84199255953027,24.9303947293764,18.917619920518323,110,4.7663812992543555,19.090686965477367,0.015482873465888784,0.07134825488816124,886.2766184614807,719.091844902083,3.057230478158158e-05,0.28648221563410853,0.01552734375,315.0,0.0671875,315.0
P2,random,BOBYQA,3,1000,1000,False,2494.23,24.84199255953027,25.016756166150977,12.209026257306768,996,4.7663812992543555,12.242036524357353,0.039744639079504304,0.156244117986914,843.2246159924388,658.35397148415,0.00401188530957599,0.6276250257995754,0.04228515625,315.0,0.16064453125,315.0
P2,random,BOBYQA,4,1000,1000,False,2811.13,24.84199255953027,24.796909410681145,18.437340253375446,980,4.7663812992543555,18.615456739079654,0.012021932035218726,0.11956935734422616,911.4806205439683,722.6644575498643,6.217060961447784e-05,0.31015423339916964,0.00986328125,315.0,0.1220703125,315.0
P2,random,BOBYQA,5,1000,1000,False,2553.83,24.84199255953027,24.879106190538852,16.605166682416325,750,4.7663812992543555,16.673481706858823,0.02557769939108817,0.09144313518572199,869.4794895665461,717.8825557798316,0.0002587703176752783,0.4068872796334063,0.02470703125,315.0,0.09111328125,315.0
P2,random,COBYLA,1,109,1000,False,350.85,24.84199255953027,24.75741359467301,19.732029550685553,71,4.7663812992543555,19.884645754305208,0.023614740425955696,0.10087079790153525,861.6659135597296,710.6673801556108,0.0004631974522215352,0.24693379150224334,0.0234375,315.0,0.1017578125,315.0
P2,random,COBYLA,2,119,1000,False,303.87,24.84199255953027,24.9303947293764,17.20799024550241,84,4.7663812992543555,17.407651916997352,0.02646156092651309,0.11287055339482087,860.4895439626166,698.0979090375715,0.00012272174765731494,0.3703170252775029,0.02412109375,315.0,0.107421875,315.0
P2,random,COBYLA,3,114,1000,False,333.98,24.84199255953027,25.016756166150977,19.83384893601125,81,4.7663812992543555,20.030124725335757,0.024658444780447195,0.10002951129856297,861.0137633193058,711.5775867944428,0.00032536867316736303,0.23968723899908687,0.025390625,315.0,0.1009765625,315.0
P2,random,COBYLA,4,116,1000,False,368.55,24.84199255953027,24.796909410681145,19.5774347986948,75,4.7663812992543555,19.726965119219493,0.022986405301285186,0.0959885701138094,858.8501681628757,708.4554052132518,0.00037001135884408385,0.25478812943703494,0.02470703125,315.0,0.09833984375,315.0
P2,random,COBYLA,5,115,1000,False,339.75,24.84199255953027,24.879106190538852,19.620732768240625,109,4.7663812992543555,19.84209828133435,0.02337731844275761,0.10076686668806425,860.0362085879534,709.5583939766269,0.0005684855410191311,0.249053152771957,0.0248046875,315.0,0.1033203125,315.0
P2,random,L_BFGS_B,1,40,1000,False,126.53,24.84199255953027,24.75741359467301,20.306151128695067,27,4.7663812992543555,20.58039003746427,0.020429708819891364,0.0766299945500288,872.0449758660341,724.4539295167168,0.00019648381394662295,0.21227759727040207,0.01875,315.0,0.0771484375,315.0
P2,random,L_BFGS_B,2,40,1000,False,123.05,24.84199255953027,24.9303947293764,20.222201522672336,24,4.7663812992543555,20.453160582523832,0.018318737647235794,0.06819602318678143,871.1669144254098,727.9766556816433,0.0006545445441023548,0.2186151106487463,0.02021484375,315.0,0.07138671875,315.0
P2,random,L_BFGS_B,3,80,1000,False,241.06,24.84199255953027,25.016756166150977,20.063060675183177,50,4.7663812992543555,20.19415325290244,0.02040472514455866,0.07681885820758542,870.893753145457,722.0834045007275,0.00028778906651519303,0.23151670185129652,0.0203125,315.0,0.0767578125,315.0
P2,random,L_BFGS_B,4,40,1000,False,125.66,24.84199255953027,24.796909410681145,20.335978278464236,27,4.7663812992543555,20.6975026637607,0.018612033409006412,0.07223144155629735,878.5985934054238,729.773812554698,8.838014188809939e-05,0.20644402016143673,0.0185546875,315.0,0.07451171875,315.0
P2,random,L_BFGS_B,5,45,1000,False,139.3,24.84199255953027,24.879106190538852,20.078599361728003,25,4.7663812992543555,20.273113817039544,0.018062767314765707,0.07542988446731805,875.2416285005916,723.7330860887137,0.00022820347008284297,0.22758354319857116,0.01953125,315.0,0.0775390625,315.0
P2,random,NELDER_MEAD,1,1000,1000,False,2932.47,24.84199255953027,24.75741359467301,22.387675784845236,714,4.7663812992543555,22.69610099137754,0.010905000410772997,0.06067470948880098,910.4078359928033,760.9898915832766,0.00010848981146171209,0.10689047224175205,0.0119140625,315.0,0.05986328125,315.0
P2,random,NELDER_MEAD,2,1000,1000,False,2966.61,24.84199255953027,24.9303947293764,20.356697012918133,970,4.7663812992543555,20.68160814883537,0.01921524419091715,0.07662415041362357,869.9313727689504,728.0305232964424,0.00020955341909746958,0.20723575271290245,0.0193359375,315.0,0.079296875,315.0
P2,random,NELDER_MEAD,3,1000,1000,False,2823.01,24.84199255953027,25.016756166150977,22.185802823074496,858,4.7663812992543555,22.555342234727803,0.011248652081937364,0.059036369623835225,907.5397759695052,763.4265819444681,9.95437111840068e-05,0.11390190291874772,0.01162109375,315.0,0.06171875,315.0
P2,random,NELDER_MEAD,4,1000,1000,False,2860.27,24.84199255953027,24.796909410681145,22.49759480221074,656,4.7663812992543555,22.82322445468727,0.012198603294824872,0.06246881165538122,904.3461305615502,763.060491042789,7.757748382900048e-05,0.10055823848500106,0.01103515625,315.0,0.0626953125,315.0
P2,random,NELDER_MEAD,5,1000,1000,False,2855.63,24.84199255953027,24.879106190538852,22.24479669805003,275,4.7663812992543555,22.541048606368058,0.012130958901404316,0.06242858157583269,905.3607113654264,763.8780300416743,4.904853814554024e-05,0.11461389261482378,0.01015625,315.0,0.06064453125,315.0
P2,random,NFT,1,1000,1000,True,2797.0,24.84199255953027,24.75741359467301,17.31222915411869,513,4.7663812992543555,17.469839723230557,0.023325574234057286,0.10011869083107089,864.0761735486241,709.8489952674715,0.00023130878460822515,0.367219345937783,0.0232421875,315.0,0.10263671875,315.0
P2,random,NFT,2,1000,1000,True,2860.04,24.84199255953027,24.9303947293764,17.641902743359026,72,4.7663812992543555,17.760034511012336,0.02683748731674531,0.10722446874705543,864.6498670035634,692.042332812117,0.002558257742954103,0.3527642549311149,0.0291015625,315.0,0.10869140625,315.0
P2,random,NFT,3,1000,1000,True,2844.02,24.84199255953027,25.016756166150977,17.420608758039638,650,4.7663812992543555,17.662480122623833,0.023855182145253645,0.14154023652336478,841.8349471055969,665.1163432647206,2.7272489068789606e-05,0.357623603277909,0.0234375,315.0,0.13974609375,315.0
P2,random,NFT,4,1000,1000,True,2786.72,24.84199255953027,24.796909410681145,17.347668104816105,195,4.7663812992543555,17.249332703910206,0.021396993849921185,0.10756583458898125,859.0233304329728,710.9417554836273,2.776113865281021e-05,0.37820317185777746,0.02099609375,315.0,0.10859375,315.0
P2,random,NFT,5,1000,1000,True,2844.68,24.84199255953027,24.879106190538852,17.834304312143082,414,4.7663812992543555,17.81881780547927,0.021330603326048147,0.10222792782089232,846.7723199992292,638.2620634279086,1.8601612583414984e-05,0.3498361600549579,0.02041015625,315.0,0.10087890625,315.0
P2,random,POWELL,1,229,1000,False,772.83,24.84199255953027,24.75741359467301,20.005726732490103,141,4.7663812992543555,20.226928969437743,0.021496415234514128,0.08812408345058748,874.6179659807805,709.4360982162601,0.0011453104815977871,0.2298840882232294,0.01962890625,315.0,0.08837890625,315.0
P2,random,POWELL,2,289,1000,False,841.87,24.84199255953027,24.9303947293764,18.883618210430036,196,4.7663812992543555,19.045487800189598,0.021649455401864966,0.09010074605162818,842.5233177075789,713.3034294187582,0.0016115754062471822,0.28873366216302226,0.0185546875,315.0,0.08828125,315.0
P2,random,POWELL,3,412,1000,False,1140.66,24.84199255953027,25.016756166150977,18.77561771731131,338,4.7663812992543555,19.053969906441672,0.023044728869728776,0.09585398986960345,832.1307286187155,709.6170311633475,0.0025497475249349547,0.2883111541685156,0.021875,315.0,0.09814453125,315.0
P2,random,POWELL,4,312,1000,False,874.18,24.84199255953027,24.796909410681145,18.482148024775178,200,4.7663812992543555,18.617918573017313,0.012716121110014167,0.11367221093983304,910.1644873454047,727.4294608909775,3.226993703086749e-05,0.31003160530552204,0.01259765625,315.0,0.11044921875,315.0
P2,random,POWELL,5,539,1000,False,1189.45,24.84199255953027,24.879106190538852,12.0113880029025,463,4.7663812992543555,12.097745842847772,0.03928484479039391,0.15555490989435236,843.9864108745004,658.5393902039405,0.004586924304449552,0.6348123876008617,0.0376953125,315.0,0.1517578125,315.0
P2,random,SLSQP,1,99,1000,False,300.06,24.84199255953027,24.75741359467301,13.47827230138228,87,4.7663812992543555,13.606009158402397,0.03287787536223586,0.14570601441267997,852.2438098949837,665.8851309679765,0.0022994778264704883,0.5596832522534831,0.03232421875,315.0,0.14755859375,315.0
P2,random,SLSQP,2,34,1000,False,105.18,24.84199255953027,24.9303947293764,20.18823594700107,8,4.7663812992543555,20.484034723226323,0.020491797524350118,0.0733395707115182,877.0792109810901,724.8264492425075,0.00046433510237329844,0.21707721771476718,0.01982421875,315.0,0.072265625,315.0
P2,random,SLSQP,3,135,1000,False,336.33,24.84199255953027,25.016756166150977,15.475522073861697,120,4.7663812992543555,15.595863698809106,0.01650708347258558,0.07414503424140922,909.6043978760516,749.1672569373653,6.262788659196428e-06,0.4605652470974419,0.01767578125,315.0,0.0736328125,315.0
P2,random,SLSQP,4,34,1000,False,102.96,24.84199255953027,24.796909410681145,18.679485792237234,8,4.7663812992543555,20.632506783714444,0.027587505436951907,0.08494068744161756,868.0901720099187,725.112520944767,0.0002536661326721632,0.2096815743859931,0.0287109375,315.0,0.08623046875,315.0
P2,random,SLSQP,5,26,1000,False,79.25,24.84199255953027,24.879106190538852,20.374493087252716,15,4.7663812992543555,20.551680633636288,0.019270054360343142,0.0754839539648152,875.7785917701094,724.6376209970059,0.0001778099435809152,0.21370766101569832,0.01943359375,315.0,0.07080078125,315.0
P2,random,SPSA,1,1000,1000,True,3228.31,24.84199255953027,20.68499753404402,19.973864048966103,767,4.7663812992543555,20.15310167335111,0.02236348771063681,0.09295961729216637,876.3703213715537,709.6741841682248,0.0004699648923403674,0.23356155015101226,0.02099609375,315.0,0.08916015625,315.0
P2,random,SPSA,2,1000,1000,True,2930.05,24.84199255953027,24.547431613053234,17.860648115685994,850,4.7663812992543555,17.973911569029752,0.042195123475039904,0.12168604455456322,825.3714268911415,686.717961856307,0.0009171859383925081,0.34211067854708616,0.04140625,315.0,0.12548828125,315.0
P2,random,SPSA,3,1000,1000,True,3033.8,24.84199255953027,21.494680352432788,19.903391992754482,742,4.7663812992543555,20.066839886547996,0.027323306048603748,0.09711544707334097,860.3335357403914,718.5174024783756,0.0007635927089816682,0.23785839499846165,0.028515625,315.0,0.09990234375,315.0
P2,random,SPSA,4,1000,1000,True,3141.42,24.84199255953027,21.74544152218312,16.990128529871345,979,4.7663812992543555,17.120834664116288,0.02745190316174271,0.11771571678386968,864.6822602278087,692.9622749807374,0.0034153061233103727,0.38460387558370485,0.0287109375,315.0,0.11806640625,315.0
P2,random,SPSA,5,1000,1000,True,3014.32,24.84199255953027,23.65768506916591,18.764938726490513,363,4.7663812992543555,18.83368141922489,0.009351254370834639,0.10318130005700643,925.4952485127495,728.7170369163623,4.425175858628876e-05,0.2992840946364689,0.01015625,315.0,0.10908203125,315.0
P2,spiq,ADAM,1,2500,2500,True,762.12,8.338032071621772,8.35521115649529,8.295619635525776,115,4.7663812992543555,8.343108997358646,0.0006244793402467734,0.0006244793402467734,622.7810157031124,712.4063280989647,0.24937552065975374,-0.0014214507689701717,0.0001953125,315.0,0.0001953125,315.0
P2,spiq,ADAM,2,2500,2500,True,977.31,8.338032071621772,8.33533995856736,8.296997901090316,91,4.7663812992543555,8.338032071621772,7.159805610985615e-32,1.6172187967878456e-31,622.5000000000008,712.500000000001,0.25000000000000056,0.0,0.0,465.0,0.0,465.0
P2,spiq,ADAM,3,2500,2500,True,817.8,8.338032071621772,8.323906599404381,8.303194393168427,12,4.7663812992543555,8.338032071621772,7.017467351033252e-32,1.698468966316683e-31,622.5000000000009,712.500000000001,0.2500000000000002,0.0,0.0,465.0,0.0,465.0
P2,spiq,AQGD,1,2500,2500,True,581.2,8.338032071621772,8.35521115649529,8.271743760043947,1189,4.7663812992543555,8.338082009770162,6.401612514003364e-07,7.433231467472719e-07,622.5005923744898,712.5000350142616,0.24999858036171363,-1.3981811653082422e-05,0.0,465.0,0.0,465.0
P2,spiq,AQGD,2,2500,2500,True,576.07,8.338032071621772,8.33533995856736,8.277530670336692,811,4.7663812992543555,8.338061903987356,2.881873290643033e-07,3.165399226030917e-07,622.500273122691,712.4999035082075,0.24999922587163623,-8.352542699547438e-06,0.0,465.0,0.0,465.0
P2,spiq,AQGD,3,2500,2500,True,580.04,8.338032071621772,8.323906599404381,8.27710065458885,983,4.7663812992543555,8.338095867220298,3.39905912281393e-07,4.3194649709925797e-07,622.5008281127919,712.5000657593259,0.24999842466654865,-1.78616563019271e-05,0.0,465.0,0.0,465.0
P2,spiq,BOBYQA,1,2500,2500,False,481.34,8.338032071621772,8.35521115649529,8.278419280318753,293,4.7663812992543555,8.338032071621774,5.872140887230464e-32,1.5282348148260798e-31,622.5000000000009,712.5000000000011,0.25000000000000033,-4.973489718376969e-16,0.0,465.0,0.0,465.0
P2,spiq,BOBYQA,2,2500,2500,False,473.7,8.338032071621772,8.33533995856736,8.294337410872574,2461,4.7663812992543555,8.338032071621775,1.0449572313061294e-31,2.3677371451550927e-31,622.5000000000011,712.5000000000014,0.25000000000000033,-9.946979436753938e-16,0.0,465.0,0.0,465.0
P2,spiq,BOBYQA,3,2500,2500,False,493.02,8.338032071621772,8.323906599404381,8.275753989410946,1351,4.7663812992543555,8.338032071621772,9.477902067949687e-32,1.9463074738258928e-31,622.5000000000008,712.5000000000009,0.25000000000000033,0.0,0.0,465.0,0.0,465.0
P2,spiq,COBYLA,1,2500,2500,True,577.13,8.338032071621772,8.35521115649529,8.271504109217629,1954,4.7663812992543555,8.33804794264326,3.5080454325800555e-07,6.116402968075837e-07,622.5006583205334,712.4997898408776,0.24999891105067265,-4.443609552149338e-06,0.0,465.0,0.0,465.0
P2,spiq,COBYLA,2,2247,2500,False,535.6,8.338032071621772,8.33533995856736,8.278955427531601,811,4.7663812992543555,8.339519045634908,1.5415598338305504e-05,0.00023909444583417491,622.646517797291,712.3229628470237,0.2497563988001531,-0.0004163268213793112,0.0,465.0,0.000390625,315.0
P2,spiq,COBYLA,3,2225,2500,False,522.47,8.338032071621772,8.323906599404381,8.270878227264918,617,4.7663812992543555,8.33989932516305,2.5650107499129183e-05,4.842035019704762e-05,622.5492385825551,712.4843182359629,0.24989690000717493,-0.0005227984649909963,0.0,465.0,0.0,465.0
P2,spiq,L_BFGS_B,1,1521,2500,False,369.49,8.338032071621772,8.35521115649529,8.280182315279845,1194,4.7663812992543555,8.338530073467087,9.486452545344877e-06,1.686809328338395e-05,622.509456533008,712.4936239427747,0.249978606841176,-0.00013943184176017583,0.0,465.0,0.0,465.0
P2,spiq,L_BFGS_B,2,1638,2500,False,394.78,8.338032071621772,8.33533995856736,8.279651863919067,987,4.7663812992543555,8.33846731466875,3.192656788532336e-06,5.6432581176863206e-06,622.5047538760094,712.4944918291947,0.2499859237087373,-0.00012186047145060703,0.0,465.0,0.0,465.0
P2,spiq,L_BFGS_B,3,2500,2500,True,605.2,8.338032071621772,8.323906599404381,8.266862417770653,617,4.7663812992543555,8.338048777980445,2.2338989824481964e-07,3.4438580466355937e-07,622.5002429688577,712.4998556146161,0.24999937603118075,-4.67748941262605e-06,0.0,465.0,0.0,465.0
P2,spiq,NELDER_MEAD,1,2500,2500,False,586.96,8.338032071621772,8.35521115649529,8.27229957742136,1189,4.7663812992543555,8.339808076613977,0.0003096046169052203,0.00030986988098731673,622.4540229345503,712.4533265043123,0.2496896087229299,-0.0004972504607521067,0.0001953125,315.0,0.0001953125,315.0
P2,spiq,NELDER_MEAD,2,2500,2500,False,563.78,8.338032071621772,8.33533995856736,8.26928737958911,2447,4.7663812992543555,8.338032071624102,2.3929905774267266e-14,3.585338175766179e-13,622.500000000232,712.4999999997841,0.24999999999963457,-6.525218510510584e-13,0.0,465.0,0.0,465.0
P2,spiq,NELDER_MEAD,3,2500,2500,False,591.62,8.338032071621772,8.323906599404381,8.256763893220006,2493,4.7663812992543555,8.33984066537445,0.0003695230034261462,0.0003915979236449922,622.4592201050001,712.4271779047109,0.24960417877292113,-0.0005063747460054509,0.00029296875,315.0,0.00029296875,315.0
P2,spiq,NFT,1,2500,2500,True,640.98,8.338032071621772,8.35521115649529,8.299473503365471,83,4.7663812992543555,8.341397540651958,0.00012067859573618227,0.00016789713216711365,622.5983036250796,712.4364254081793,0.24978062715106567,-0.000942272703765803,0.0001953125,315.0,0.0001953125,315.0
P2,spiq,NFT,2,2500,2500,True,629.19,8.338032071621772,8.33533995856736,8.285732144120383,811,4.7663812992543555,8.346561195070306,0.0002931954371354736,0.0014688262721324285,623.132033616947,711.5206918637806,0.2492143151407726,-0.0023880059927810044,0.0001953125,315.0,0.00205078125,315.0
P2,spiq,NFT,3,2500,2500,True,623.54,8.338032071621772,8.323906599404381,8.28803998812707,183,4.7663812992543555,8.345491687572778,0.00026368774446766896,0.0006038197280688822,622.903750916665,712.1525055994847,0.24922192202216759,-0.002088562523726817,9.765625e-05,315.0,0.000390625,315.0
P2,spiq,POWELL,1,2223,2500,False,517.52,8.338032071621772,8.35521115649529,8.302783334722236,30,4.7663812992543555,8.33945436322498,9.168261761071785e-05,0.00013151052174592123,622.5661446529646,712.4486218473976,0.24986850408133077,-0.00039821687333283206,0.0,465.0,0.0,465.0
P2,spiq,POWELL,2,2111,2500,False,503.29,8.338032071621772,8.33533995856736,8.308831900202357,76,4.7663812992543555,8.343412952425812,0.00023992798878099547,0.00044090168167108736,622.7338237503593,712.2742217818407,0.2495590782376572,-0.0015065528930403942,0.00048828125,315.0,0.00048828125,315.0
P2,spiq,POWELL,3,2034,2500,False,498.55,8.338032071621772,8.323906599404381,8.296771121942253,2,4.7663812992543555,8.338032071621772,9.13117546499824e-32,1.9074323652826972e-31,622.5000000000008,712.5000000000009,0.25000000000000033,0.0,0.0,465.0,0.0,465.0
P2,spiq,SLSQP,1,249,2500,False,55.04,8.338032071621772,8.35521115649529,8.295005461611554,171,4.7663812992543555,8.354872602861946,8.832407849983453e-05,0.0008053485882295686,623.077885196087,711.8261758403899,0.24905642819762341,-0.004715055394122791,0.0,465.0,0.0005859375,315.0
P2,spiq,SLSQP,2,1868,2500,False,497.94,8.338032071621772,8.33533995856736,8.283956757146589,323,4.7663812992543555,8.341328306033395,7.992243098810063e-07,0.0006112432639865257,622.9031861457048,712.1052805085726,0.2494088152643556,-0.0009228882165986034,0.0,465.0,0.00126953125,315.0
P2,spiq,SLSQP,3,1487,2500,False,397.8,8.338032071621772,8.323906599404381,8.286369907450048,217,4.7663812992543555,8.341735544843955,3.334096158153659e-06,0.0005955349342110286,622.9234390513332,712.1170445759808,0.24935133828657763,-0.0010369079896711778,0.0,465.0,0.0009765625,315.0
P2,spiq,SPSA,1,2500,2500,True,2692.85,8.338032071621772,12.200736579160974,11.273912848824176,5,4.7663812992543555,11.360712214077374,0.039055888671315694,0.08758697267270404,709.0003186059832,669.5337681807382,0.12043308921658748,-0.846297786402018,0.03955078125,315.0,0.09013671875,315.0
P2,spiq,SPSA,2,2500,2500,True,2686.83,8.338032071621772,11.792023604384624,11.3115711239365,15,4.7663812992543555,11.324288977580792,0.047599571942887206,0.08759040880935696,683.6045145500641,669.3222261080547,0.12138711359976628,-0.8360999146564445,0.05068359375,315.0,0.0916015625,315.0
P2,spiq,SPSA,3,2500,2500,True,2744.26,8.338032071621772,11.40416884637893,11.242506673759154,19,4.7663812992543555,11.338550595131334,0.03961623408521538,0.08758563321558535,723.6477470507408,684.4109392850535,0.08159160430459202,-0.8400929191407794,0.04140625,315.0,0.0861328125,315.0
P3,random,ADAM,1,1000,1000,True,40338.68,30.691738697040925,30.556617179079183,25.024731437135237,92,2.724994312720294,25.157936633785198,0.024731890451029276,0.1531745774117945,536.6240455566394,316.3310205456346,5.277938558460909e-07,0.19787079923247045,0.0244140625,39.0,0.15537109375,39.0
P3,random,AQGD,1,999,1000,True,46671.34,30.691738697040925,30.556617179079183,24.871118854693282,895,2.724994312720294,25.072942597117766,0.02297716668757686,0.15712486401810727,539.2839716210884,319.5616356882207,1.4726635756777445e-06,0.20090991009569564,0.0228515625,39.0,0.160546875,39.0
P3,random,AQGD,2,999,1000,True,37468.23,30.691738697040925,30.619540083561002,24.898007327426313,571,2.724994312720294,25.173829620288807,0.023233625176588946,0.15855397152371414,538.4899317118281,319.7292934180522,1.917633499402973e-06,0.19730251762324177,0.02333984375,39.0,0.156640625,39.0
P3,random,BOBYQA,1,1000,1000,False,43742.99,30.691738697040925,30.556617179079183,23.823854941083866,955,2.724994312720294,24.00075258722534,0.022807011796938344,0.15296061033510572,531.7810297109352,311.2135082621337,2.338261155627272e-06,0.23924794455399118,0.024609375,39.0,0.1576171875,39.0
P3,random,COBYLA,1,123,1000,False,4261.65,30.691738697040925,30.556617179079183,17.124647140842136,116,2.724994312720294,17.247742166829017,0.04363149002854965,0.13849926028507584,490.26037564201397,317.82622291403396,1.832505151360051e-05,0.4807136771253645,0.04072265625,39.0,0.1322265625,39.0
P3,random,COBYLA,2,117,1000,False,4459.81,30.691738697040925,30.619540083561002,17.05972285690114,51,2.724994312720294,17.157501896530675,0.04333589039785379,0.13922841588582605,489.93320132514935,316.3028866015139,1.8308818200838162e-05,0.4839403762741197,0.04208984375,39.0,0.13515625,39.0
P3,random,L_BFGS_B,1,70,1000,False,7291.34,30.691738697040925,30.556617179079183,25.33097697641745,52,2.724994312720294,25.50185491305342,0.024768661097574782,0.15181586566539967,532.2215535729381,320.0973145496157,7.235875006264084e-07,0.18557339791388724,0.02548828125,39.0,0.14775390625,39.0
P3,random,L_BFGS_B,2,55,1000,False,2484.76,30.691738697040925,30.619540083561002,25.49326497170517,35,2.724994312720294,25.752148326933128,0.024509739745094072,0.15699733539003338,535.214587489711,314.46414179953473,1.2997877857960639e-06,0.17662371787819345,0.02626953125,39.0,0.1587890625,39.0
P3,random,NELDER_MEAD,1,1000,1000,False,47457.94,30.691738697040925,30.556617179079183,25.560328523780985,831,2.724994312720294,25.903163783389274,0.02199138779376963,0.1562410282911684,543.8528050892957,318.53649729113255,7.124579862828266e-08,0.17122389534680102,0.02197265625,39.0,0.15673828125,39.0
P3,random,NFT,1,1000,1000,True,39007.79,30.691738697040925,30.556617179079183,25.050019761369022,798,2.724994312720294,25.190518266925544,0.023073374794198985,0.15631704721335202,533.5890223277763,320.7261872360689,9.964053303769802e-08,0.19670578579034048,0.0216796875,39.0,0.1587890625,39.0
P3,random,POWELL,1,356,1000,False,20267.85,30.691738697040925,30.556617179079183,16.602654807288907,290,2.724994312720294,16.771896593590704,0.04594961167869223,0.13237979867959723,489.38217473349096,321.42131700881237,2.1678793045755616e-05,0.497728370244421,0.04677734375,39.0,0.13359375,39.0
P3,random,POWELL,2,371,1000,False,14500.4,30.691738697040925,30.619540083561002,16.257697486794033,328,2.724994312720294,16.38189471114088,0.04505040482986944,0.1340235075220843,493.9085099726788,317.14039948567034,3.5897931988195696e-05,0.5116735716268341,0.0458984375,39.0,0.1326171875,39.0
P3,random,SLSQP,1,49,1000,False,5546.92,30.691738697040925,30.556617179079183,24.906843730633174,34,2.724994312720294,25.189208931117573,0.030113626420897564,0.15156475409457038,533.2993575694877,318.1792798917945,6.582541478073643e-07,0.19675260338877015,0.02666015625,39.0,0.15390625,39.0
P3,random,SLSQP,2,74,1000,False,3298.26,30.691738697040925,30.619540083561002,24.758917206891912,59,2.724994312720294,24.900876464234603,0.02436287957407088,0.15259850128151847,535.3317944707626,317.01769695357206,1.1336941778076509e-05,0.20706243648627656,0.02490234375,39.0,0.15361328125,39.0
P3,random,SPSA,1,1000,1000,True,47186.58,30.691738697040925,27.49362652434167,24.89239023952288,974,2.724994312720294,24.999838379931116,0.021754939616651328,0.15095343714916787,538.2147611018112,320.3035995371058,3.0863941110802094e-05,0.2035238796082727,0.0205078125,39.0,0.148046875,39.0
P3,spiq,ADAM,1,1500,1500,True,2651.2,9.866711056613616,9.876578188112722,9.796301664828313,121,2.724994312720294,9.86713481888276,0.4987510413195075,0.7493755206597551,100.59367190103724,55.29059115711614,1.976789260069424e-34,-5.933619105063882e-05,0.50185546875,39.0,0.75791015625,39.0
P3,spiq,ADAM,2,1500,1500,True,6355.1,9.866711056613616,9.818253392220216,9.812896225522994,221,2.724994312720294,9.874840043046408,0.4987510413195075,0.7493755206597551,100.59367190103725,55.29059115711615,3.0229666049205383e-34,-0.0011382398272436858,0.49638671875,39.0,0.7474609375,39.0
P3,spiq,AQGD,1,1500,1500,True,1327.46,9.866711056613616,9.876578188112722,9.798760856766117,1058,2.724994312720294,9.866745798427246,0.4999987309656443,0.7499988950689955,100.50050142573443,55.250289569129976,9.66063569727625e-10,-4.8646305750080075e-06,0.50263671875,39.0,0.7583984375,39.0
P3,spiq,AQGD,2,1500,1500,True,1536.27,9.866711056613616,9.818253392220216,9.794345914583616,1137,2.724994312720294,9.86680367312574,0.49999638666155594,0.7499966567695442,100.50156890517155,55.25078706798074,7.47288897571713e-11,-1.2968382175441127e-05,0.4982421875,39.0,0.74853515625,39.0
P3,spiq,BOBYQA,1,1500,1500,False,1348.76,9.866711056613616,9.876578188112722,9.798790171610445,1460,2.724994312720294,9.77968695413716,0.500000000000001,0.7500000000000016,100.50000000000017,55.25000000000011,1.7857011882555374e-34,0.012185319804354763,0.50234375,39.0,0.74814453125,39.0
P3,spiq,BOBYQA,2,1500,1500,False,4030.92,9.866711056613616,9.818253392220216,9.768202951633494,1460,2.724994312720294,9.77968695413716,0.500000000000001,0.7500000000000016,100.50000000000017,55.25000000000011,1.7857011882555374e-34,0.012185319804354763,0.49853515625,39.0,0.74697265625,39.0
P3,spiq,COBYLA,1,1500,1500,True,1366.06,9.866711056613616,9.876578188112722,9.779153011234053,897,2.724994312720294,9.8715982870016,0.49962777673483877,0.749533198518579,100.81540006295376,55.46231247407333,3.0042697003562327e-09,-0.0006843215102535764,0.5009765625,39.0,0.75849609375,39.0
P3,spiq,COBYLA,2,1500,1500,True,1529.86,9.866711056613616,9.818253392220216,9.788320779871833,665,2.724994312720294,9.871394180749604,0.49983541366652484,0.7498356958191851,100.53306217557007,55.28302996864825,6.161052782071993e-13,-0.0006557420720995408,0.4984375,39.0,0.74873046875,39.0
P3,spiq,L_BFGS_B,1,1500,1500,True,1798.6,9.866711056613616,9.876578188112722,9.794172885548855,915,2.724994312720294,9.8978973593911,0.4984352069233632,0.7482112633438525,100.86485551871614,55.6168940485212,3.021424707176204e-10,-0.004366779570773556,0.5005859375,39.0,0.75703125,39.0
P3,spiq,L_BFGS_B,2,1500,1500,True,4422.8,9.866711056613616,9.818253392220216,9.802841544813868,1137,2.724994312720294,9.875346677941575,0.4987487369073048,0.7493648678898737,100.60183870443917,55.29567970741763,2.560448331878742e-09,-0.0012091800385871886,0.49638671875,39.0,0.7474609375,39.0
P3,spiq,NELDER_MEAD,1,1500,1500,False,1395.55,9.866711056613616,9.876578188112722,9.773973369865411,915,2.724994312720294,9.86785825896614,0.4998072585720888,0.749903628797764,100.51445626696612,55.256264436753455,2.355426415065952e-34,-0.00016063397550800026,0.5,39.0,0.74833984375,39.0
P3,spiq,NELDER_MEAD,2,1500,1500,False,4540.32,9.866711056613616,9.818253392220216,9.78937776722491,665,2.724994312720294,9.87375791144104,0.49922726098920733,0.7488457135252298,101.59541519741802,55.8103538963175,1.0924135569217737e-08,-0.0009867172110192422,0.49658203125,39.0,0.74609375,39.0
P3,spiq,NFT,1,1500,1500,True,1766.38,9.866711056613616,9.876578188112722,6.328547633789792,1431,2.724994312720294,6.3773262855074275,0.24911581676521688,0.6238337500889758,119.61493128724368,63.61234745437488,2.1708707003037535e-06,0.4885918745083052,0.25146484375,39.0,0.6341796875,39.0
P3,spiq,NFT,2,1500,1500,True,1967.81,9.866711056613616,9.818253392220216,6.347662447805884,1366,2.724994312720294,6.386883451805498,0.2465919954572396,0.6185367061050151,120.22421973904144,64.14659473819228,5.347589137770518e-07,0.48725365757240635,0.241015625,39.0,0.621875,39.0
P3,spiq,POWELL,1,1500,1500,False,1571.16,9.866711056613616,9.876578188112722,9.811360248132146,31,2.724994312720294,9.870767790907966,0.488043547336948,0.7440217736684759,101.39673394972931,55.63858471154943,3.445985112225634e-34,-0.0005680334910816574,0.487890625,39.0,0.74208984375,39.0
P3,spiq,POWELL,2,1500,1500,False,4673.77,9.866711056613616,9.818253392220216,9.818253392220216,1,2.724994312720294,9.866711056613616,0.500000000000001,0.7500000000000019,100.50000000000014,55.2500000000001,1.785701188255537e-34,0.0,0.49736328125,39.0,0.74697265625,39.0
P3,spiq,SLSQP,1,1500,1500,True,1641.93,9.866711056613616,9.876578188112722,9.77496128926193,915,2.724994312720294,9.8679026979534,0.4999418150024616,0.7499492851398729,100.51937774103322,55.261251172337616,3.909471803813698e-11,-0.00016685642717546303,0.50224609375,39.0,0.75849609375,39.0
P3,spiq,SLSQP,2,1500,1500,True,4084.84,9.866711056613616,9.818253392220216,9.78382760329948,665,2.724994312720294,9.869742580571717,0.49999810946799184,0.7499983727213633,100.50076014452753,55.25043485473484,5.212850478080158e-10,-0.0004244811250311727,0.4990234375,39.0,0.74951171875,39.0
P3,spiq,SPSA,1,1500,1500,True,8981.37,9.866711056613616,18.58448732076001,17.752972482141804,28,2.724994312720294,17.905820747969535,0.16838285715278664,0.3909681444699486,316.1670512257944,181.37755877239942,0.00011074077337414435,-1.1256550742130642,0.17119140625,39.0,0.3931640625,39.0
P3,spiq,SPSA,2,1500,1500,True,10543.46,9.866711056613616,18.29277637567739,17.747848405265287,26,2.724994312720294,17.941137239632752,0.14656825500439155,0.3516109269385463,328.7241701257033,191.56994565357257,8.669864253328424e-05,-1.1306001725598187,0.1439453125,39.0,0.35576171875,39.0
