problem,init,trial,decoder,cost,prob
P1,random,0,raw,15.0,0.04184202642357014
P1,random,0,raw,30.0,0.7485570457729498
P1,random,0,raw,200.0,0.20960092780347672
P1,random,0,fallback,15.0,0.1970143305181348
P1,random,0,fallback,30.0,0.8029856694818619
P1,spiq,0,raw,15.0,0.5000000000000006
P1,spiq,0,raw,30.0,0.5000000000000002
P1,spiq,0,raw,200.0,7.08742219534503e-32
P1,spiq,0,fallback,15.0,0.5000000000000006
P1,spiq,0,fallback,30.0,0.5000000000000002
P2,random,0,raw,315.0,0.010147872851899628
P2,random,0,raw,465.0,0.05227979426792974
P2,random,0,raw,500.0,0.0229469527734835
P2,random,0,raw,600.0,0.08236636629805233
P2,random,0,raw,660.0,0.07679881634669292
P2,random,0,raw,750.0,0.019166553498992753
P2,random,0,raw,800.0,0.0486532394151608
P2,random,0,raw,900.0,0.17823655105549074
P2,random,0,raw,960.0,0.3346776568991325
P2,random,0,raw,1200.0,0.05874693500275906
P2,random,0,raw,1350.0,0.11597926159039731
P2,random,0,fallback,315.0,0.05989535919843263
P2,random,0,fallback,465.0,0.20276107151227368
P2,random,0,fallback,660.0,0.17394687685559918
P2,random,0,fallback,960.0,0.5633966924336858
P2,spiq,0,raw,315.0,9.131175464998241e-32
P2,spiq,0,raw,465.0,0.5000000000000007
P2,spiq,0,raw,500.0,7.268504749100506e-32
P2,spiq,0,raw,600.0,0.25000000000000033
P2,spiq,0,raw,660.0,9.173087716076816e-33
P2,spiq,0,raw,750.0,9.507210230354541e-33
P2,spiq,0,raw,800.0,6.889722853446339e-32
P2,spiq,0,raw,900.0,2.9311562894816205e-32
P2,spiq,0,raw,960.0,0.25000000000000033
P2,spiq,0,raw,1200.0,7.622053483019922e-32
P2,spiq,0,raw,1350.0,5.80851843098656e-32
P2,spiq,0,fallback,315.0,1.907432365282698e-31
P2,spiq,0,fallback,465.0,0.5000000000000007
P2,spiq,0,fallback,660.0,9.290007086187e-32
P2,spiq,0,fallback,960.0,0.5000000000000007
P3,random,0,raw,39.0,0.020128965593748167
P3,random,0,raw,84.0,0.0924016000473885
P3,random,0,raw,104.0,0.036010551417349324
P3,random,0,raw,240.0,0.060915464786015255
P3,random,0,raw,375.0,0.0327847373160103
P3,random,0,raw,440.0,0.06422432305936748
P3,random,0,raw,510.0,0.11491654869019419
P3,random,0,raw,540.0,0.0755462989442266
P3,random,0,raw,600.0,0.06875528481731186
P3,random,0,raw,675.0,0.08368822840293023
P3,random,0,raw,720.0,0.2400495799138967
P3,random,0,raw,990.0,0.11057841701154686
P3,random,0,fallback,39.0,0.15960076593447728
P3,random,0,fallback,84.0,0.07047350676735478
P3,random,0,fallback,104.0,0.15457210042029754
P3,random,0,fallback,240.0,0.06307678468380841
P3,random,0,fallback,375.0,0.2364098040070582
P3,random,0,fallback,440.0,0.04722396511075348
P3,random,0,fallback,510.0,0.05798168333000175
P3,random,0,fallback,540.0,0.07410912059305347
P3,random,0,fallback,600.0,0.05390968798096624
P3,random,0,fallback,720.0,0.08264258117221429
P3,spiq,0,raw,39.0,0.5000000000000011
P3,spiq,0,raw,84.0,0.25000000000000044
P3,spiq,0,raw,104.0,8.98546200304988e-32
P3,spiq,0,raw,240.0,0.25000000000000056
P3,spiq,0,raw,375.0,4.265954951865513e-32
P3,spiq,0,raw,440.0,7.791603677576915e-32
P3,spiq,0,raw,510.0,1.0984374034840098e-31
P3,spiq,0,raw,540.0,5.839819601038159e-32
P3,spiq,0,raw,600.0,1.0309795503896498e-31
P3,spiq,0,raw,675.0,9.382135534187772e-32
P3,spiq,0,raw,720.0,1.7542488490010929e-31
P3,spiq,0,raw,990.0,1.431418001203793e-31
P3,spiq,0,fallback,39.0,0.7500000000000017
P3,spiq,0,fallback,84.0,1.6910109747735644e-31
P3,spiq,0,fallback,104.0,0.2500000000000004
P3,spiq,0,fallback,240.0,1.989048605420681e-31
P3,spiq,0,fallback,375.0,2.0902674055718035e-31
P3,spiq,0,fallback,440.0,5.978868630833449e-32
P3,spiq,0,fallback,510.0,4.680053388460315e-32
P3,spiq,0,fallback,540.0,6.222605221446832e-32
P3,spiq,0,fallback,600.0,7.983273430420952e-32
P3,spiq,0,fallback,720.0,7.722134339873321e-32
