bitstring,energy,prob
01100,6.136129710583916,0.00166015625
01000,2.3831906496271777,0.00419921875
00010,7.0,0.00341796875
11011,1.031008131515815,0.00703125
10011,5.0,0.04326171875
11110,7.136129710583916,0.01083984375
01010,2.031008131515815,0.01416015625
10001,3.0,0.03642578125
11100,13.09037222002324,0.0451171875
01111,1.2276446917052652,0.01162109375
00111,4.4885590669614945,0.05107421875
10111,2.090619058289457,0.0052734375
00101,2.0906190582894566,0.0533203125
01001,2.031008131515815,0.0123046875
11111,3.1818872011445904,0.08251953125
01101,2.1818872011445904,0.06494140625
10000,2.0,0.005859375
10110,2.6926790496174196,0.04140625
01011,3.6788256134044524,0.08505859375
11101,7.136129710583916,0.0087890625
00011,12.0,0.0158203125
11000,4.7353731677385404,0.0318359375
00100,2.692679049617419,0.02880859375
11001,2.3831906496271777,0.0189453125
01110,3.1818872011445904,0.040234375
00000,4.0,0.10341796875
11010,1.3831906496271777,0.03037109375
00001,7.0,0.00283203125
10101,2.6926790496174196,0.03798828125
10100,5.294739040945382,0.01005859375
10010,2.0,0.07734375
00110,3.0906190582894566,0.0140625
